{"schemaVersion":"1.0","appDefinitionTemplate":{"id":"/providers/Microsoft.PowerApps/apps/","type":"Microsoft.PowerApps/apps","tags":{"primaryDeviceWidth":"1366","primaryDeviceHeight":"1100","sienaVersion":"20211201T201930Z-3.21112.22.0","deviceCapabilities":"","supportsPortrait":"false","supportsLandscape":"true","primaryFormFactor":"Tablet","publisherVersion":"3.21112.22","minimumRequiredApiVersion":"2.2.0","hasComponent":"true","hasUnlockedComponent":"true","isUnifiedRootApp":"false"},"properties":{"appVersion":"2021-12-01T20:19:30Z","lifeCycleId":"Published","createdByClientVersion":{"major":3,"minor":21112,"build":22,"revision":0,"majorRevision":0,"minorRevision":0},"minClientVersion":{"major":3,"minor":21112,"build":22,"revision":0,"majorRevision":0,"minorRevision":0},"backgroundColor":"rgba(208, 52, 56, 1)","backgroundImageUri":"/332973727370469493/N2d119044-3509-466a-9a02-2050593692e4-logoSmallFile","displayName":"Merry Christmas - free version","description":"","commitMessage":"","appUris":{"documentUri":{"value":"/332973727370469493/N3c3cc795-d5b5-4455-91f9-f7156bc4cbc6-document.msapp"},"imageUris":[]},"createdTime":"0001-01-01T00:00:00Z","lastModifiedTime":"0001-01-01T00:00:00Z","sharedGroupsCount":0,"sharedUsersCount":0,"icons":{"smallIconUri":"/332973727370469493/Nf7bc8406-5505-477d-b953-218966b7dd03-small.png","mediumIconUri":"/332973727370469493/Nf938b759-2fe7-4148-85e1-3edb1bc3370a-medium.png","largeIconUri":"/332973727370469493/N44b79da3-c850-4fc5-a653-c35db41aa763-large.png","wideIconUri":"/332973727370469493/N0ee641f3-85b1-42e7-81fb-e233a6a5c37a-wide.png"},"connectionReferences":{"2e8139f5-0ecd-4afd-a9c0-b5ca6e5540f7":{"id":"8d4abb04-2101-4a83-a20e-8760da4ea20c","displayName":"Office 365 Outlook","iconUri":"https://connectoricons-prod.azureedge.net/releases/v1.0.1538/1.0.1538.2621/office365/icon.png","dataSources":["Office365Outlook"],"dependencies":[],"dependents":[],"parameterHints":{},"parameterHintsV2":{},"isOnPremiseConnection":false,"bypassConsent":false,"dataSets":{},"apiTier":"Standard","isCustomApiConnection":false,"actions":["SendEmailV2"]}},"databaseReferences":{},"almMode":"Environment","performanceOptimizationEnabled":true,"canConsumeAppPass":true,"executionRestrictions":{"isTeamsOnly":false,"dataLossPreventionEvaluationResult":{"status":"Compliant","lastEvaluationDate":"2021-12-01T20:11:30.4892661Z","violations":[],"violationsByPolicy":[],"violationErrorMessage":"The app uses the following connectors: shared_office365."}}},"appType":"ClassicCanvasApp","appComponents":[]}}